station_name,source_id,lon,lat
FAGERNES LUFTHAMN,SN23410,9.3014123,61.00279
LØKEN I VOLBU,SN23500,9.063,61.122
NESBYEN - TODOKK,SN24890,9.1323323,60.5669244
HEDAL I VALDRES II,SN22730,9.7238,60.6197
E16 KALPLASSEN,SN22990,9.3343,60.9532
FAGERNES,SN23420,9.224,60.9785
RV7 NESBYEN,SN24820,9.15483,60.5325
REINLI,SN22840,9.4905,60.8346
E16 BEGNADALEN,SN22690,9.89533,60.632
FV51 GOLSFJELLET,SN23300,9.1185,60.8175
FV33 TONSÅSEN,SN22890,9.545,60.86433
